BN,BW,LP,FS,FE,MIC,FL,FU,SFBA,FFBA,EFBA,SFBL,FFBL,EFBL,FBA,NNFF,FBN,FBL,LBN,PH,PW,PBS
16.65,5.51,34.76493001,30.9,9.8,3.51,31.85,87.1,62.61,62.26,64.6,22.45,31.7,24,63.16,5,10.2,26.05,1.7,85.5,49.4,0.58
13.9,5.06,38.70536053,26.75,9.75,4.18,30.615,83.95,68.11,56.34,59.6,14.44,21.24,19.06,61.35,5,11.1,18.25,0.8,78.4,44.8,0.49
11.25,6.65,34.00614713,29.65,8.2,4.51,29.03,85,72.28,66.35,57.98,16.5,26.8,20.4,65.54,4.9,10.7,21.23,1.2,65.9,40.6,0.69
12.2,5.84,36.47143602,28.55,8.25,4.38,27.965,84.35,72.83,61.85,59.72,19.6,26.35,20.95,64.8,3.6,9.7,22.3,0.9,68.7,56.3,0.61
13.3,5.55,37.69423252,30.1,6.8,3.345,31.815,84.1,67.78,64.52,64.9,13.75,31.84,19.3,65.73,4.2,11.1,21.63,1.1,79,52.8,0.45
17.8,5.9,35.84877113,28.6,7.05,3.24,33.535,81.85,66.26,63.68,61.28,17,28,16.3,63.74,4.5,11,20.43,1.9,78.5,54.3,0.56
15.65,5.98,37.66488295,24.75,7.9,4.31,28.86,83.9,68.73,63.46,57.93,17.08,23.62,16.9,63.37,4.8,10.3,19.2,1.7,84.9,51.9,0.65
14.8,5.4,36.88040259,31.8,6.4,4.255,33.535,87.25,69.83,59.29,58.52,17.85,20.8,15.65,62.55,4.3,9.9,18.1,1.5,65.7,48.4,0.48
14.55,5.96,37.95755704,29.5,8.7,4.65,32.105,84.25,67.59,63.34,61.56,15.6,24.05,22.45,64.16,4.5,9.6,20.7,1,58.2,46.7,0.65
11.6,6.02,36.91767664,28.05,8.95,4.375,28.715,83.5,69.93,67.51,57.48,21.9,30.7,22.1,64.97,5,10.5,24.9,1.3,81.1,58.7,0.71
14.15,5.51,37.283628,28.05,7.45,4.025,30.905,85.5,74.2,61.95,58.42,15.5,22,19.5,64.86,4.8,10.7,19,1.7,65.4,52.9,0.62
15.7,5.95,35.63800437,31.9,7.7,4.01,30.385,85.65,69.43,71.43,65.44,23.15,26.25,16.15,68.77,4.4,11.1,21.85,1.4,74.3,54.5,0.57
14.4,6.26,38.5170818,25.9,10.15,4.42,28.685,85.35,77.65,74.3,61.69,16.6,24.6,19.7,71.21,4.6,10.6,20.3,1.6,74.2,55.3,0.29
13.15,5.79,36.29254123,30.9,7.7,4.42,31.875,86.15,79.5,64.53,68.03,17.3,25.32,17.78,70.69,4.7,11.1,20.13,2,79.5,50.3,0.32
13.85,5.69,36.26294034,29.9,7.8,4.91,31.33,85.7,69.62,64.9,61.61,14.65,22.8,19,65.38,4.7,9.3,18.82,1.4,52.2,40.7,0.53
17.75,5.69,37.48908908,28.35,7.55,4.625,30.565,83.95,72.63,64.38,60.48,11.1,25.5,21.3,65.83,4.7,9.1,19.3,1.2,53.5,49.3,0.59
14.35,6.42,38.12201584,28.25,7.75,4.95,30.465,84.55,61.19,64.98,59.96,16.45,22.05,16.4,62.04,4.6,9.8,18.3,0.8,60,44.4,0.32
13.95,6.3,38.29555348,28.5,7.45,4.665,30.045,83.55,63.94,61.91,62.53,17.99,27.35,19.7,62.79,4.6,9.6,21.68,1.5,76.1,53.2,0.61
17.1,6.03,37.87200901,27.85,8.7,4.305,29.875,84.9,62.87,62.65,60.43,14,20.7,17.3,61.98,4.3,9.3,17.33,1.1,66.7,40,0.3
12.25,5.53,37.10632873,30.95,8.1,4.245,30.16,86,70.07,70.04,65.13,13.75,25.4,19.45,68.41,4.4,10.6,19.53,1.1,69.5,49.4,0.46
19.3,5.93,40.40145022,26.55,8.55,4.1,29.54,85.05,61.77,60.22,58.5,11.55,18.2,13.15,60.16,4.9,9.4,14.3,0.5,64.2,50.9,0.22
11.8,5.72,35.941944,32.95,8.7,4.16,31.34,87.9,69.72,67.87,56.49,15.8,19.75,8.98,64.7,5.5,9.1,14.84,1.2,72.4,36.6,0.41
15.35,5.48,33.83611707,28.3,7.4,5.18,26.81,82.3,56.43,57.7,58.38,18.9,27.15,21.75,57.5,4.2,10.6,22.6,1.6,69.5,52.7,0.47
19.6,5.26,34.56211796,26.85,7.25,4.585,29.35,83.3,71.93,62.97,65.17,14.25,17.25,14.45,66.69,4.6,9.7,15.32,0.5,64.1,34.6,0.28
19.3,7.34,44.96610921,24.6,10.65,4.955,26.525,84.3,66.81,66.52,65.69,24.95,32.6,25.7,66.34,4.6,9.9,27.75,0.4,82.8,61.5,0.66
11.35,5.23,37.76347991,26.4,7.95,4.25,26.445,82.7,62.03,62.02,63.81,12.09,17,15.15,62.62,4.7,10.1,14.75,0.9,54.6,47.7,0.35
18.4,6.25,39.47294532,25.25,9.55,4.585,26.97,84.1,67.25,63.19,63.58,19.45,27.1,25.31,64.67,4.9,9.6,23.95,1.5,88.3,49,0.6
16.25,5.93,33.01568353,25,9.3,4.13,27.415,84.05,64.02,62.64,62.37,13.6,19.15,13.1,63.01,4.2,10.3,15.28,2.1,67.5,34.1,0.59
17.2,5.88,30.14672631,26.8,9,3.815,32.245,86.2,66.38,63.53,61.53,22.5,24.85,13.3,63.81,4.9,9,20.22,2,63.3,49.9,0.45
14.4,4.38,35.48283091,24.95,6.9,4.915,28.69,84.1,75.7,72.55,74.05,24.05,32.6,26.95,74.1,6.1,11.1,27.87,2.9,75.5,49.2,0.5
15.7,5.591666667,36.25885333,26.7,11.05,4.775,28.585,85.6,61.42,58.72,59.36,14.5,21.7,18.05,59.83333333,4.9,11.3,18.08333333,2,81.1,52.6,0.382
12.65,6.17,38.2570209,23.5,8.45,3.985,27.415,83.3,67.57,63.38,65.66,10.05,11.3,9.35,65.54,4.4,10.9,10.23,1.2,56.8,28.1,0.6
14.5,6.49,38.72873301,25.3,8.7,4.655,27.62,82.8,64.25,59.98,58.89,17.74,27.25,18.98,61.04,5.7,10.3,21.32,2.4,81.4,46.6,0.57
14.2,5.52,36.82956293,24.1,8.75,4.875,26.59,82.5,78.34,65.26,62.04,15.65,22.95,16.85,68.55,5.2,9.9,18.48,2.5,78.2,42.4,0.41
12.45,5.55,32.86641367,25.75,6.75,4.02,29.125,84.2,54.14,51.74,55.72,5.8,7.33,6.8,53.87,4.5,10.6,6.64,2.3,60.3,29.2,0.46
11.95,5.38,38.75991538,25.9,9.15,4.32,29.145,84.75,61.69,60.52,63.34,20.5,22.4,17.85,61.85,5.7,10.5,20.25,2.3,73,40.9,0.55
16.35,5.73,31.96625945,29.85,9.15,4.44,32.31,86.2,64.86,55,60.24,15.3,23.31,20.3,60.03,6.2,10.9,19.64,3.3,80.5,51.5,0.28
16.75,5.79,38.69555949,29.85,9.25,4.395,33.815,86.9,56.32,49.97,49.51,15.15,21.05,14.25,51.93,4.9,10.1,16.82,2,65.2,33.8,0.59
19.05,6.54,43.46730145,29.15,7.8,4.955,30.995,84.7,66.19,60.82,64.84,21.55,23.4,20.3,63.95,5.3,10,21.75,2.3,77.9,48,0.48
16.85,7.14,34.74285926,25,9.55,4.695,29.585,83,76.66,75.19,75.71,26.2,32.3,26.55,75.85,4.8,10.6,28.35,2.2,76.5,53.6,0.32
13.7,4.99,39.0601369,30.4,8.85,4.085,30.675,83.9,65.09,65.54,62.84,18.05,28.3,19.2,64.49,5.1,10.6,21.85,2.6,73.4,43.2,0.38
15.85,5.41,42.74448855,24.95,8.3,4.635,28.335,83.2,65.06,61.46,61.76,13.78,24.75,20.55,62.76,4.4,10,19.69,1,58.6,34.1,0.43
13.8,5.89,37.62292782,31.05,9.15,4.36,32.035,86.05,67.93,59.91,59.93,12.65,14.55,10.4,62.79,5.3,10.4,12.53,2.2,64.3,30.6,0.4
13.45,6.12,43.22727112,27.85,9.45,5.6,28.04,85.2,59.35,62.24,60.95,12.7,18.45,16.13,60.85,4.3,9.9,15.76,2.1,66.8,39.7,0.64
11,5.91,39.43402177,29.05,9.65,4.175,32.45,83.65,73.1,57.4,55.21,12.45,14,13.15,61.9,4.8,9.4,13.2,1.9,60.9,30.7,0.31
17.75,7.05,42.20875384,27.05,7.9,6.1,27.02,84.3,67.14,68.16,62.17,20.25,31.2,21.35,65.82,4.9,9.6,24.27,2,84.3,48.9,0.33
14.1,5.98,39.95780945,29.85,8.9,3.995,30.55,85.6,67.72,62.39,63.9,15.65,26.25,20.5,64.67,4.7,10.4,20.8,1.5,71.1,49.6,0.48
11.95,5.73,40.64131505,29.4,10.25,5.295,28.365,86.6,71.49,65.97,61.31,8.5,27.31,25.1,66.26,5.2,9.8,20.3,1.4,66,34.6,0.61
13.4,5.77,37.86945332,33.5,7.25,4.81,32.68,87.2,66.08,60.46,54.49,26.4,28.4,18.2,60.34,6.1,9.9,24.33,2.5,84.1,56.6,0.49
16.65,6.32,34.52222059,27.25,8.55,3.965,29.35,82.1,60.99,55.22,55.01,9.3,13.89,12.68,57.07,4.7,10.5,11.96,2,78.4,36.4,0.4
16.35,4.44,30.96166342,25.7,6.95,5.58,27.335,85.75,70.43,63.59,64.11,23.05,30.6,33.65,66.04,4.8,10.7,31.13,1.7,81.6,49.2,0.98
11.8,6.07,41.07998783,27.45,8.9,4.76,30.375,85.75,59.43,58.24,59.07,12.5,19.45,12.95,58.91,4.8,10.4,14.97,1.9,84.8,46.7,0.55
11.05,4.69,31.58124786,24.95,8.55,4.325,26.615,81.3,70.43,65.16,66.45,20.15,19.25,18.3,67.35,6.2,9.3,19.23,1.3,75.6,51.3,0.43
13.4,6.46,38.79417561,30.2,9.45,4.19,28.41,83.95,65.43,64.52,62.76,15.05,25.3,14.3,64.24,5.2,11.2,18.22,2.1,88.6,48.3,0.8
12.65,6.07,40.34072596,27.05,9.4,5.02,28.97,84.8,76.52,61.2,62.25,13.77,22.52,17.21,66.66,5.6,11.1,17.83,2,92.3,49.5,0.57
14.45,5.67,38.31137034,25.7,8.4,4.48,30.065,85.7,64.78,62.62,63.11,15.1,23.4,16.75,63.5,4.7,10.5,18.42,2.4,64.2,38,0.33
10.6,6.44,43.64502277,27.25,8.35,5.095,29.13,85.2,66.3,60.04,61.54,11.1,23.35,17.32,62.63,4.5,10.5,17.26,1.4,74.6,43.2,0.56
14.85,4.6,35.95003658,27.7,8.4,5.395,27.49,84,76.75,67.76,66.2,18.65,27.95,23.69,70.24,4.6,11.1,23.43,1.8,79.6,49.4,0.36
12.4,6.32,32.58678661,28.7,9.35,4.025,29.095,85.65,61.56,52.39,62.06,22.4,21.15,14.95,58.67,4.8,9.9,19.5,1.7,75.6,45.4,0.48
11.95,5.43,32.52241439,24.2,9.55,4.175,29.37,83.75,66.15,58.2,57.73,14.2,18,16.25,60.69,4.6,9.5,16.15,1.4,73.1,51.2,0.52
14.95,6.21,35.02886735,25.5,9.1,4.08,29.38,83.7,67.33,62.55,65.53,17.72,24.8,20.04,65.14,4.9,9.5,20.85,1.4,66.9,52.6,0.56
17.65,3.68,31.07380437,22.35,10.05,3.6,26.655,81.2,64.44,71.42,57.18,15.1,27.1,21.6,64.35,4.3,11.8,21.27,1.2,68,49,0.65
15.3,3.77,27.88519192,24.6,9.2,5.765,23.085,76.55,70.44,78.02,79.72,19.5,30.05,25.4,76.06,4.3,11.3,24.98,1.2,87,53.1,0.38
15.25,6.85,34.38879911,36.75,8.8,4.57,30.43,86.8,71.61,70.32,64.19,9.9,13.25,9.15,68.71,5.2,9.6,10.77,1.8,80.3,38.1,0.32
11.5,4.7,34.61000819,24.5,9,3.95,27.52,82.5,77.97,66.82,63.51,10.25,14.77,18.96,69.43,4.2,9.7,14.66,0.8,58.6,37,0.73
13.1,6.82,33.8669525,26.9,9.7,5.06,26.265,84.6,64.24,63.43,57.6,9.75,18.15,17.7,61.76,3.7,10.4,15.2,0.8,78.6,34.1,0.38
12.75,5.18,37.11897118,25.45,10,4.055,28.845,83.75,75.9,56.83,59.38,18.95,30.95,25.55,64.04,4.7,8.8,25.15,1.2,75.8,53.8,0.34
13.85,6.12,36.94467687,25.25,9.95,3.985,28.055,82.6,71.78,64.66,58.33,19.8,22.35,16.05,64.92,5.8,9.6,19.4,2,63.5,44.5,0.55
17.1,6.86,35.84886447,28.7,11.05,4.285,30.82,85.05,74.8,65.62,59.47,8.95,18,18.1,66.63,4.8,9.8,15.02,1.1,68.4,50.7,0.59
12.6,6.02,38.36734329,22.8,10.1,4.32,27.715,83.65,75.69,60.07,57.62,23.4,26.25,17.64,64.46,4.9,9.2,22.43,1.5,69.7,51.9,0.4
15.25,6.1,38.89577109,25.9,8.7,4.51,30.465,85.5,80.66,64.2,60.25,20.35,30.55,22.6,68.37,4.8,11,24.5,1.8,76.5,50.2,0.46
10.5,5.72,40.69831264,26.9,8,4.7,29.38,85.75,65.43,66.47,62.86,7.8,10.5,11.65,64.92,5.8,7.9,9.98,1.5,59.6,25.7,0.33
14.45,6.16,39.65010989,28.2,9.75,4.595,32.37,86.05,68.78,69.92,67.99,8.85,22.15,17.15,68.9,5.4,10.8,16.05,1.6,82.4,48.3,0.84
12.6,5.83,45.29571258,27.45,13.05,4.51,30.235,85.8,68.49,69.75,68.19,10.6,15.9,15.4,68.81,5.4,10.2,13.97,2.2,80.1,42.3,0.64
12.6,5.91,39.55902307,26.45,11.1,4.39,29.885,86.5,71.81,69.94,63.28,13,24.75,18.8,68.34,5.8,10.4,18.85,2.5,61.8,42.5,0.7
9.9,5.6,37.50149082,27.15,8.65,4.525,28.555,84.65,73.49,67.24,67.4,22.4,24.8,15.75,69.38,4.7,10.2,20.98,2.6,68.4,55.2,0.6
17.85,5.2,32.4035266,29.35,8.5,3.58,31.875,85.1,72.35,69.66,60.9,20.8,27.92,22.75,67.64,5.9,10.7,23.82,3.1,79.2,57.5,0.52
7.1,5.59,40.05514885,24.8,9.25,4.125,27.89,83.7,64.18,65.1,66.75,10.6,20.95,19.8,65.34,4.9,10.7,17.12,2.8,85.5,49.3,0.39
10.7,5.28,41.57004311,24.55,11.05,4.17,27.745,84.2,60.22,57.95,60.69,14.05,21.5,15.8,59.62,5.9,9.1,17.12,2.5,75.8,40.3,0.37
16.7,4.96,39.00446367,26.05,9.8,4.205,27.71,84.1,67.24,62.4,62.29,4.8,10.7,8.8,63.98,4.4,11.2,8.1,2.2,54.9,31.7,0.46
10.4,5.66,39.08123754,26.55,8.4,4.75,29.33,84.85,70.51,67.5,64.26,11.15,21.3,17.6,67.42,5.2,10.3,16.68,2.3,67,45.2,0.46
9.8,6.22,41.66571651,22.65,9.45,4.595,27.115,84.1,71.69,60.87,61.76,12.35,20.36,16.95,64.77,5.7,10.6,16.55,2.4,68.9,46.8,0.48
9,5.9,40.06587847,25.55,10.3,4.585,28.105,84.5,71.84,66.07,67.89,11.3,18.8,13.15,68.6,5.6,10,14.42,2.4,57.3,34.2,0.93
12.65,5.85,39.06721182,24.8,11.3,4.515,28.415,84.6,74.55,66.16,64.76,14.3,15.15,12.65,68.49,5.1,9,14.03,2.1,56.6,38.3,0.49
13,5.87,39.60673758,26,12.05,5.105,28.77,84.8,71.74,64.14,69.11,11.9,14.5,11.35,68.33,5.3,9.4,12.58,2.4,57.7,33.1,0.69
23.65,6.22,34.73627295,24.45,8.85,4.86,27.345,83.6,77.25,71.08,66.2,7.9,17.8,22,71.51,4.6,10.7,15.9,1.8,64.6,36.5,0.5
14.6,6.63,37.00189561,25.9,9.35,4.355,31.41,86.15,72,62.46,66.27,24.5,26.95,22.5,66.91,4.4,10.9,24.65,2.3,83,48.5,0.41
9.5,6,41.13465266,23.25,9.45,5.245,26.065,82.4,68.05,60.67,59.74,9.6,11,9.05,62.82,4.3,9.3,9.88,1.7,49.7,30.8,0.38
10.95,5.86,38.23350856,22.2,9.25,4.03,28.255,82.4,81.08,69.63,61.22,8.85,17,13,70.64,4.5,11.2,12.95,1.3,80.2,40.1,0.42
18.1,6.25,37.07224096,24.8,8.05,4.115,28.595,83.9,71.69,71.56,69.59,16.9,20.7,15.6,70.95,4.6,10.6,17.73,2,78.5,48,0.46
14.1,6.49,35.73692099,26.1,9.4,4.19,28.87,84.05,66.93,56.29,58.01,14.55,27.55,25.1,60.41,4.5,10.6,22.4,2,83,54.2,0.37
14.95,5.66,37.87119374,24.95,8.55,4.94,28.815,85.2,69.13,70.58,73.68,8.95,16.45,18.7,71.13,4.9,10.6,14.7,1.9,75.7,41.6,0.61
9.2,5.99,38.64466942,23.75,9.8,3.8,28.84,84.3,72.91,63.94,61.77,16.7,23.2,15.15,66.21,4.5,9.7,18.35,2,72.6,46.1,0.41
12.45,5.41,36.63077429,28.85,7.8,4.3,31.81,87.1,66,67.71,69.01,14.7,21.15,15.9,67.57,5.3,8.9,17.25,2.3,69.7,54.8,0.45
11.1,4.88,40.15124897,27.55,11.25,4.42,28.775,85.8,61.36,58.63,57.73,14.7,24.8,15.85,59.24,4.3,9.1,18.45,1.4,79,44.4,0.28
11.95,4.64,41.49579822,23.9,12.55,4.33,28.4,85.7,65.35,59.26,61.81,11.85,19.85,15.85,62.14,4.8,9.7,15.85,1.5,80.5,48.2,0.33
10.1,5.67,40.39021722,24.95,8.9,4.805,28.6,83.3,68.63,63.67,58.23,13.95,17.8,13.35,63.51,4.3,10.4,15.03,1.6,76.7,51,0.28
13.7,6.24,39.40879375,25.8,9.5,4.67,28.61,85.05,66.14,62.55,65.12,8,17.8,14.85,64.6,5.2,8.9,13.55,1.9,76.7,44.9,0.69
12.25,5.51,44.58809992,27.65,7.65,4.87,27.705,83.8,65.57,56.76,57.62,13.15,22.1,12.3,59.98,3.7,10.4,15.85,1.3,75,46.5,0.63
9.65,5.79,39.73158995,25.05,9.95,4.36,30.12,84.3,70.68,64.31,60.31,13.6,23.15,15.3,65.1,4.6,9.7,17.35,1.9,70,47.4,0.37
10.5,5.45,38.58243748,25,8.35,4.49,27.9,84.6,57.45,53.45,60.12,14.6,20.1,13.35,57.01,3.9,9.8,16.02,1.5,70.2,45.6,0.31
12.95,5.32,38.53853346,25.6,8.05,4.275,28.51,83,65.73,61.66,62.2,7.3,14.9,12.1,63.2,4.4,11.2,11.43,1.7,71.3,44.4,0.41
6.25,6.36,35.10529183,24.7,11.1,4.47,27.495,84.3,65.91,64.37,64.8,15.35,17.95,16,65.03,4.6,9.1,16.43,1.8,56.2,35.5,0.13
12,5.36,31.03697294,26.7,10,3.4,30.095,83.2,56.78,56.97,52.23,11.9,17.05,8.5,55.33,3.6,11.2,12.48,0.2,68,36.4,0.66
7.3,5.48,33.45474063,25.8,10.1,5.05,26.785,84.95,62.6,61.09,62.36,6,7.1,8.95,62.02,3.3,9,7.35,0.8,48.8,38.6,0.37
9.85,6.08,41.77637424,27.75,8.3,4.505,29.63,85.85,72.24,59.15,65.43,10.45,13.25,14.15,65.61,4.4,10.4,12.62,1.5,75.8,37.7,0.47
13.85,7.79,39.68290198,22.85,8.9,4.715,27.82,84.1,69.93,62.97,62.29,17.9,24.35,17.8,65.06,4.8,10.8,20.02,0.7,74.6,41.5,0.67
12.45,6.09,41.03849655,24.8,9.25,4.655,28.085,84.25,68.21,68.36,63.4,11.55,16.1,16.55,66.66,5,9.9,14.73,1.3,81.1,51.6,0.61
11.55,5.07,37.15336283,23.6,11.95,4.455,27.79,84.45,59.61,55.34,51.67,13.2,23.4,16.8,55.54,4.6,9.7,17.8,1.3,60.5,35.3,0.35
13.2,6.92,37.22032015,25.5,10.4,4.52,28.18,84.35,73.14,62.19,65.67,12.1,20,19.55,67,4.8,10.3,17.22,1.8,73.8,44.7,0.31
13.6,5.75,34.60046313,24.95,8.9,4.085,28.335,84.95,61.7,61.73,60.87,14.8,23,15.45,61.43,4.9,9.7,17.75,1.7,76.9,53.1,0.3
15.25,5.48,32.1832421,25.65,8,3.945,29.48,83.15,73.4,71.04,68.34,11.4,15.3,12.5,70.93,4.9,9.9,13.07,1.8,63.5,41.1,0.21
12.85,5.76,34.35403048,28.35,7.55,4.56,29.755,85.55,60.62,60.82,56.89,9.45,19.6,15.75,59.44,5.1,10,14.93,2.3,60.8,33.8,0.36
16.95,5.72,37.77755672,26.6,9.45,4.39,29.67,85.65,66.93,63,64.29,13.5,23.15,23.45,64.74,4.7,10.2,20.03,1.2,68.4,46.7,0.3
15.55,6.64,37.80794999,25.6,9.8,4.69,30.265,86,79.8,72.37,66.88,14.9,22.85,24.45,73.02,4.8,12,20.73,1.9,61.3,46.5,0.31
15.8,5.86,39.33286519,25.2,10.85,4.735,29.25,85.7,70.32,60.99,68.05,10.55,26.2,28.2,66.45,5.4,10,21.65,2.4,70.6,47.5,0.3
16.2,5.46,36.04315211,24.05,10.1,4.47,28.435,85.15,71.25,64.74,66.8,9.15,22.15,17.1,67.6,5.7,10.1,16.13,1.5,86.2,50.8,0.46
12.8,5.69,41.98434846,24.45,11.45,4.64,28.88,83.6,70.7,67.41,65.58,9.55,15.6,16.3,67.9,5,9.4,13.82,2,64.1,39.2,0.47
13.15,4.92,30.82238685,23.55,8.15,4.08,24.47,82.8,73.31,71.28,74.98,7.35,10.85,6.65,73.19,4.5,9.6,8.28,1.6,73.3,31.8,0.31
16.6,5.17,40.1171875,26.05,9.4,4.135,31.61,85,60.49,58.95,59.07,17.05,29.25,20.05,59.5,5.1,9.6,22.12,2.5,76.4,43,0.4
15.4,5.98,39.46499874,28.6,10.8,4.155,29.14,84.1,64.79,64.65,60.87,13.65,16.85,18.95,63.44,5.1,11.2,16.48,2.7,79.1,50.3,0.49
11.95,5.61,39.94996237,22.15,10.95,4.63,26.79,83.3,62.58,58.93,61.02,18,21.15,11.95,60.84,5.9,10,17.03,2.6,64.7,41.4,0.4
12.25,5.21,41.24978511,23.8,9.95,4.08,27.945,84.85,73.63,63.45,70.05,15.2,19.9,16.55,69.04,5.3,10.5,17.22,2.6,78.2,50,0.26
11.2,5.51,41.59266735,24.55,11.5,4.575,29.295,84.75,69.79,63.2,59.89,13.35,23.05,14,64.29,6,10.2,16.8,2.4,74.3,45.7,0.66
15.35,4.68,42.78636384,24.2,10,5.055,28.895,83.75,65.04,59.96,60.29,14.3,20.55,18.2,61.76,5.1,10.5,17.68,2.2,91,57.3,0.28
17.95,5.7,36.81241301,27.25,11.2,4.99,30.485,85.45,72.74,67.05,65.55,14,24.9,19.45,68.45,5,9.9,19.45,3,62.2,45.1,0.32
15.35,6.18,38.43330427,23.8,10.85,4.635,29.53,83.55,64.27,58.05,55.68,19.85,23.7,16.15,59.33,6.4,9.1,19.9,3.8,71.7,45.2,0.33
12.85,5.94,42.37852795,25.8,10.1,4.305,31.095,85.55,73.48,60.98,60.57,13.95,27.35,21.95,65.01,5.7,11.2,21.08,2.9,88.2,48.5,0.38
14.55,8.99,31.32899748,29.25,7.9,4.145,29.78,85.45,69.56,61.43,59.74,20.8,27.45,18.4,63.58,5.3,9.9,22.22,2.6,67.6,54.6,0.54
15.3,6.2,41.17628162,25.15,8,4.395,29.67,85.7,70.95,61.08,59.31,19.75,29.2,19.35,63.78,4.8,10.2,22.77,1.8,87.8,55.7,0.19
16.2,6.21,39.77903217,26.45,9.7,4.725,30.485,85.65,73.68,63.01,61,13.95,23,20.45,65.9,5.2,10.9,19.13,1.4,84.6,47.1,0.37
17.65,5.31,39.45609946,23.45,9.85,4.675,27.31,82.5,72.09,60.76,65.24,22.6,24.3,20.1,66.03,5.2,10.6,22.33,1.7,87,64.6,0.43
17.8,5.4,37.91759895,26.9,11.9,3.53,31.555,86.9,57.47,48.25,50.76,7.4,15.85,14.25,52.16,4.7,10.8,12.5,1.5,85.8,39.1,0.83
14.2,5.51,37.09271595,25.5,9.15,4.405,28.89,84.65,75,70.28,60.89,18.1,29.3,26.25,68.72,5,10.3,24.55,1.5,87,50.8,0.41
16.8,4.56,33.5158858,25.3,8.65,4.9,26.87,84.65,76.01,67.59,66.83,18.05,34.44,33.8,70.23,4.7,11.3,28.73,2.2,74.8,62,0.36
9.95,6.44,34.50528293,25.6,9.5,4.185,27.985,85.95,63.02,61.01,57.82,8.05,13.35,8.35,60.62,3.9,10.4,9.92,1.1,66.9,49.5,0.33
13.4,5.83,35.11579402,27.2,9.15,4.3,29.585,83.9,65.28,67,67.04,11.37,17.54,11.98,66.44,4.5,9.5,13.63,1.7,65,45.9,0.49
14.3,5.68,40.01620863,25.65,9.7,4.415,29.36,85.2,64.82,61.18,61.24,13.3,20.15,16.95,62.41,5.2,10.6,16.8,2.3,73.9,40,0.68
12.95,5.77,41.29333117,24.95,11.35,4.91,28.535,86.2,63.59,67.98,67.19,16.82,25.64,20.96,66.25,4.9,10.5,21.14,2.3,81.8,42.8,0.35
13.15,5.74,37.79597595,27.4,7.7,4.48,29.44,84.95,70.56,61.63,57.64,9.9,14.65,13.1,63.28,4.6,10.9,12.55,1.3,82.3,39.4,0.52
11.05,5.09,34.00830563,23.7,7.95,3.655,27.165,80.55,67.93,66.85,68.35,10.65,17.4,13.25,67.71,4,9.5,13.77,1.3,55.5,34.9,0.19
19.45,4.41,33.42802283,27.45,9,4.205,27.935,82.9,62.79,62.19,59.82,8.4,15.5,11.45,61.6,4.3,11.4,11.78,1.1,83.8,24.6,0.39
14,5.61,35.04308001,26,9.05,4.295,27.21,84.05,75.64,69.07,69.71,15.5,17.96,15.22,71.47,4.3,11.6,16.23,1.7,68.9,47.1,0.23
12.95,6.3,36.63602776,27.2,9.3,4.54,28.605,85.35,74.59,63.42,53.16,11.2,17.05,11.75,63.72,4,10.7,13.33,2.1,65.3,38.4,0.29
13.05,5.23,36.06215107,27.25,8.9,4.13,27.3,84.25,69.91,70.26,69.48,8.6,10.7,9.9,69.88,3.9,10.3,9.73,1.3,55.8,32.9,0.33
18.65,5.99,38.80314236,26.1,7.8,4.56,29.33,85.15,73.18,66.22,65.01,17.2,21.3,15.95,68.14,4.8,10,18.15,1.9,76.4,45,0.39
15.7,5.51,37.77365458,26.3,8.1,4.645,28.45,84.55,63.63,61.29,56.21,13.55,25.4,18.6,60.38,4.1,8.8,19.18,1.4,67.5,48.3,0.4
15.75,6.23,35.26849432,27.8,9.1,4.175,29.435,85.25,67.55,64.45,65.24,23.3,23.6,19.35,65.75,5,10.1,22.08,1.7,85.8,56.7,0.51
14.4,5.47,39.72104979,23.5,9.6,4.225,28.875,84.45,69.7,63.57,65.44,16.55,22.9,15.2,66.24,4.6,9.9,18.22,0.8,67.6,43.9,0.67
11.4,5.14,37.85558321,25.25,7.75,4.615,28.305,83.45,70.23,67.65,66.78,6.15,7.9,7.5,68.22,3.5,9.7,7.18,1.6,55.4,32.9,0.64
11.45,6.01,33.70271886,27.8,8.4,4.375,28.335,84.65,68.61,63.86,63.82,13.55,20.45,15,65.43,4.4,10.7,16.33,2.1,77.9,57.1,0.23
11.8,5.21,39.94782891,27.25,9.75,5.04,26.545,83,65.62,64.41,65.11,11.9,16.5,13,65.05,4.8,10,13.8,0.7,73.4,42.1,0.32
11.8,5.41,34.62428705,26.1,7.95,4.055,27.77,83.55,66.45,62.23,61.02,11.3,17.4,13.6,63.23,3.4,9.1,14.1,2.5,61.6,37.5,0.32
11.1,6.91,35.23552387,23.75,8.65,4.46,28.075,84.05,59.37,59.64,59.11,17.8,22.2,20.4,59.37,5,10.5,20.13,1.5,90.7,48.4,0.42
12.45,5.67,42.39534412,23.85,11.45,4.25,30.185,85.15,66.6,64.75,61.15,19,22.25,16.5,64.17,5.2,10.7,19.25,1.2,86.4,58.5,0.52
16.2,5.32,41.00519795,25.45,8.6,4.945,27.04,85.2,64.79,60.02,56.58,13.3,18.3,13.7,60.46,4.5,11,15.1,1.1,80.3,47.6,0.42
14.3,5.87,42.07737558,27.05,10,4.505,29.495,85.7,77.22,62.7,60.22,13.1,18.3,20.49,66.71,4.7,9.8,17.3,1.2,67,46.1,0.25
13.65,6.52,39.9672798,28.3,7.3,4.77,29.785,85.7,65.56,61.62,55.44,9.75,14.83,11.4,60.87,4.3,9.2,11.99,0.6,76.6,46.8,0.46
9.9,6.81,39.35764363,24.1,9.9,4.115,27.735,84.7,67.79,65.72,57.91,9.1,12.3,8.4,63.81,4.6,10.8,9.93,1,59.6,29.7,0.38
10.45,6.59,39.9175568,27.6,9.75,5,28.78,84.75,63.99,53.53,55.92,19.25,31.7,24.2,57.81,4.3,10.6,25.05,1.8,80.3,48.9,0.45
14.65,6.38,32.96865885,23.85,10,4.05,28.505,81.85,67.88,69.02,65.61,17.1,27,24.15,67.5,4.9,11.1,22.75,2.2,68.1,51.5,0.41
17.3,5.05,32.9179369,23.2,9.75,4.875,26.135,84.35,66.23,62.32,64.41,17.1,22.3,19.27,64.32,5.6,11,19.56,3.1,81.8,49.6,0.34
14.5,6.16,39.11800713,30.35,8.3,4.645,30.225,86.5,67,57.07,56.68,6.6,9.75,8.75,60.25,5.3,10.3,8.37,2.3,66.9,39.4,0.31
12.15,5.46,38.44848485,25.2,10.3,4.385,29.49,84,61.22,60.57,57.85,13.8,14.35,11.1,59.88,4.8,9.8,13.08,2.2,70.4,33.2,0.43
14.9,5.41,39.50543885,25.65,9.95,4.325,28.345,84.6,69.88,63.96,60.58,10,18.92,13.4,64.81,4.9,12,14.11,2.6,67.8,48.4,0.49
15.2,6.56,42.41101119,27.6,9.9,5.275,30.985,85.1,69.17,57.25,59.16,16.65,19.4,15.6,61.86,5.6,10.8,17.22,2.6,82.5,46.4,0.68
13.15,6.28,43.09014126,25.2,10.1,5,28.905,86.25,79.04,63.73,63.29,14.35,19.15,16.8,68.69,5.2,10.1,16.77,2.1,76,50.2,0.42
15.15,5.49,43.39613627,24.05,7.7,4.76,27.77,83.75,57.38,54.09,52.62,12.8,24.2,17.8,54.7,5.5,10.2,18.27,2.5,75.7,46.8,0.28
15.15,5.14,39.29923307,24.85,8.85,4.035,29.47,84.45,64.39,55.54,59.56,19.5,26.75,21.45,59.83,4.8,10.5,22.57,2.3,84.4,58.3,0.61
23.1,6.67,39.95645783,27.65,9,4.605,29.24,85.15,61.99,57.57,57.6,13.6,19.2,20.9,59.05,5.8,11.3,17.9,3.2,83,46.9,0.34
14.55,5.97,39.90694426,27.05,7.85,4.31,29.27,85,65.7,56.22,60.12,16.1,24.85,18.7,60.68,4.3,10.6,19.88,2.2,86.5,58.3,0.26
13.35,6.54,39.49985359,25.7,10.15,4.83,30.245,86.2,71.98,64.5,61.45,20.05,29.5,23.5,65.98,5,11.4,24.35,2.3,96.8,65.5,0.34
13.85,5.93,39.25597092,25.1,13.2,4.675,30.775,86.1,69.14,58.9,60.12,13.85,32.95,21.6,62.72,5.2,11.2,22.8,2.4,88.3,65.4,0.42
23.2,5.75,45.73543505,27.4,11.9,5.165,28.57,85.7,67.31,59.82,56.55,16.9,23.95,16.35,61.23,4.8,9.9,19.07,1.4,82,46.7,0.6
16.6,6.6,37.03035941,25.95,8,4.595,29.86,83.55,70.43,63.15,60.59,15.5,27.4,17.8,64.72,5.1,10.9,20.23,1.8,87.4,52.6,0.3
14.75,7.12,40.98978962,33,6.5,4.455,30.485,86.05,65.7,56.98,55.3,16.9,25.25,19.7,59.33,5.2,11.3,20.62,1.9,78.9,53,0.48
17,6.31,40.32057911,27.25,7.55,3.82,33.265,85.7,61.29,58.01,55.14,14.25,23.15,19.65,58.15,5.6,10.8,19.02,2.4,78.1,42.8,0.26
13.2,5.67,37.54615289,33.9,6.45,4.55,33.175,87.9,69.34,61.81,64.77,22,24.65,16.3,65.31,4.9,9.9,20.98,1.3,68.2,55.9,0.18
16.35,6.83,33.64388723,25.55,8.2,4.61,29.615,83.9,69.09,65.93,59.08,14.25,25.7,21.25,64.7,4.8,10.8,20.4,1.6,79.5,55.7,0.48
15.2,5.84,35.40154598,26.05,7.9,4.715,26.56,83.3,69.08,65.15,61.89,10.1,24.35,20.45,65.37,3.5,11.8,18.3,1.2,84.8,58.4,0.39
12.55,6.38,43.09852717,29.95,8.1,4.76,30.31,86.2,63.07,52.38,55.97,15.5,27.05,19.35,57.14,5.3,10.9,20.63,2.2,84.5,52.1,0.48
16.7,5.55,40.06474077,27.75,10.35,5.07,28.205,86.7,70,62.39,57.69,19.5,22.65,16.5,63.36,4.7,11,19.55,1.7,78.8,53.1,0.54
12.7,6.21,37.10379899,27.3,7.9,4.57,28.42,85.4,68.99,60.45,55.61,6.4,15.95,13.2,61.68,4,11.8,11.85,1.2,66.6,39,0.54
12.65,6.21,41.19042926,26.25,11.1,4.58,29.685,86,64.48,59.76,59.55,11.45,24.65,16.2,61.26,4.8,10.5,17.43,1.2,84.7,50.4,0.36
10.8,5.2,41.14410322,24.2,9.15,4.88,27.21,82.85,67.47,63.5,59.64,8.7,19.85,14.15,63.54,4.5,11.3,14.23,1.6,76.6,47.4,0.52
12.85,5.77,34.96915813,26.8,8.55,4.46,28.94,84.35,61.75,60.44,54.31,14.7,21.4,15.1,58.83,4.5,10.8,17.07,1.7,70.8,40.3,0.34
14.5,6.74,39.66030114,26.05,8.55,4.07,29.38,83.4,67.72,59.46,60.3,17.65,25.05,16.45,62.49,5.3,10.6,19.72,2.8,79.1,47.4,0.32
14.45,5.53,39.27463184,22.3,8.55,4.24,27.16,82.05,70.09,59.66,58.21,14.45,25.6,19.35,62.65,4.6,11.4,19.8,2.4,66.8,41.5,0.35
13.45,6.25,38.18099732,26.5,8.55,4.395,30.94,86.4,67.78,62.04,64.89,16.85,21.65,19.05,64.9,4.9,10.5,19.18,2.1,73.4,38.8,0.46
10.2,6.14,39.21450973,24.75,8.4,4.525,27.9,84.05,88.17,62.77,82.04,3.6,6.35,3.9,82.41,5.1,11.3,4.62,1.5,69.1,21,0.38
14.25,5.32,37.86551759,24.4,8.3,5.135,26.055,83.65,74.34,67.43,58.03,13.3,16.45,15.1,66.6,4.1,9.5,14.95,1.3,56.5,46.6,0.28
11.8,5.01,35.03299547,26.9,9.75,4.24,30.275,83.85,72.19,68.43,64.74,9.9,15.15,10.4,68.45,4,11.3,11.82,1.2,63.6,41.5,0.34
9.05,6.34,38.03768262,27.1,9.15,5.06,29.5,84.5,63.54,59.21,58.02,20.6,22.05,14.4,60.26,4.3,9.2,19.02,1.1,66.3,38.5,0.32
12.5,5.98,40.4960981,25.55,11.3,4.175,28.955,85.4,63.12,60.19,56.75,11.18,14,11.95,60.02,4.5,10.3,12.38,1.6,59.8,45.7,0.4
13.4,5.17,43.55197579,23.5,10.25,4.71,27.56,84.15,66.44,64.31,63.56,16.45,28,23,64.77,5,11.9,22.48,1.2,85.9,52.7,0.45
11.8,6.81,37.28893335,29.1,9.35,3.89,29.45,85.35,61.28,56.72,51.63,10.75,21.15,16.15,56.54,4.4,10.7,16.02,2,71.6,46.3,0.25
14.1,6.08,37.88853249,25.4,8.85,4.12,29.11,84.6,70.89,62.95,57.74,13.7,23.1,17.7,63.86,4.6,9.6,18.17,1.6,76.4,50.9,0.31
13.85,5.73,41.39102816,25.05,9.2,4.23,28.46,83.95,80.42,66.33,63.36,8.85,19.9,22.15,70.04,5,11.7,16.97,1.4,72.4,48.5,0.37
15.5,5.66,39.59845817,24.05,9.75,4.36,28.16,84.2,74.53,78.24,73.56,16.85,21.2,16.15,75.44,5.6,10.7,18.07,2.5,70.3,51.3,0.26
23.55,3.62,32.55509389,23.3,8.4,4.78,24.415,81.2,81.25,70.61,72.81,6.65,18.1,20,74.89,5,11.5,14.92,2.1,79.2,51.1,0.25
13.9,7.02,40.27652772,27.15,9,3.925,31.605,84.85,78.32,71.91,65.86,8.9,19.3,18.35,72.03,4.7,10.8,15.52,0.3,88.9,46.3,0.56
14.25,6.05,42.59216545,27.05,9.45,5.05,29.98,86.6,63.02,60.46,59.11,8.7,17.5,12.5,60.86,5,10.4,12.9,1.1,66.4,29.4,0.44
14.7,6.25,43.08905401,28.6,7.9,4.31,30.46,86.65,67.21,61.51,58.96,18.25,35.75,25.95,62.56,4.5,11.8,26.65,2.2,77.6,54.4,0.31
13.7,6.85,39.29874517,26,9.05,5.26,28.7,85.15,62.57,63.41,62.01,12.8,19.5,22.75,62.66,5.5,10.8,18.35,2.2,74.5,45.4,0.64
17.9,6.25,40.84729959,26.5,11.35,4.945,29.575,85.05,69.06,68.15,71.91,15.05,17,17.25,69.71,4.9,10,16.43,2.7,72.7,49.6,0.62
13.65,5.66,45.4399911,24.4,8.9,4.49,29.535,84.5,66.59,57.34,55.81,13.2,15.2,16.45,59.91,5.2,10.8,14.95,2.7,76.3,52,0.28
14,6.76,43.83799727,23.9,9.2,4.135,29.4,84.75,70.1,67.71,64.27,12.2,23.58,17.4,67.36,5.4,10.6,17.73,1.8,86.9,52.5,0.81
12.85,6.14,43.15135893,23.35,8.9,5.07,26.46,83.25,65.59,61,59.48,10.55,12.45,8.45,62.02,4.6,10.7,10.48,2,64.3,39.5,0.4
15.8,5.91,39.66127587,21.95,7.7,4.26,28.05,82.5,67.21,63.5,64.24,8.5,17.95,11.65,64.98,4.1,11.4,12.7,2.2,71.4,48.8,0.23
12.6,5.59,43.11213738,26.5,9.5,4.125,28.525,85.3,64.7,61.65,62.35,11.35,23.4,16,62.9,5.1,9.4,16.92,2.5,77.9,54.8,0.55
11.15,6.16,38.2034632,23.75,11,3.99,28.765,83.7,61.45,52.06,56.29,13.7,20.75,14.85,56.6,5.7,9.3,16.43,2.4,77.2,45.4,0.51
16.75,6.06,37.50288018,27.75,10.05,4.635,27.49,84.8,71.11,68.01,62.31,16.25,23,18.5,67.14,5.4,11.7,19.25,2.6,103.6,67.3,0.29
19.6,5.83,39.94083846,23.25,9.65,4.63,28.53,84.15,67.85,63.18,56.09,10.95,18.85,19.6,62.37,5,11.5,16.47,3.1,78.1,49.2,0.25
16.4,6.64,45.57729566,25.25,11.4,4.855,28.52,84.5,72.12,71.31,69.73,10.4,22.11,14.65,71.05,5.2,11.3,15.72,2.6,83,44.2,0.85
12.9,5.26,36.85960821,29.55,7.7,4.355,33.575,84.5,53.63,50.27,46.52,8.6,14.85,13.6,50.14,5.1,10.5,12.35,2.7,78,38.8,0.49
9.6,5.73,43.41550937,26.35,7.95,5.035,31.03,84.45,68.73,62.04,64.36,7.6,12.5,8.1,65.04,4.6,10,9.4,2.2,60.9,36.9,0.3
10.8,6.93,35.86114994,32.45,7.25,3.745,31.655,86.55,68.96,66.34,65.81,9.4,15.3,10.55,67.04,4.7,9,11.75,1.7,77.6,43.8,0.72
15.1,6.01,42.79489061,29.3,8.95,4.585,31.88,86.05,65.21,63.01,58.76,13.95,25.2,25.25,62.33,4.8,10.7,21.47,1.4,86.8,53.1,0.44
21.95,6.25,38.27779843,26.3,10.75,4.275,30.185,86.2,64.21,66.35,60.06,13.1,22.65,19.5,63.54,4.7,11.7,18.42,1.9,75.2,57.3,0.98
12.45,5.82,37.3897351,25.65,10.8,3.99,30.1,84.25,70.59,72.58,70.18,13.25,21.6,20.55,71.12,5.1,9.4,18.47,0.8,83,58.5,0.59
15.5,4.3,30.27215299,23.35,8.65,3.865,25.225,83.65,65.46,64.13,64.27,14.68,29.43,26.78,64.62,4.8,11.3,23.63,1.1,85.5,66,0.46
15.95,6.28,33.75861094,25.85,7.85,4.8,27.535,83.9,65.21,58.91,55.73,9.3,13.85,10.05,59.95,5.1,11.9,11.07,1.8,78.6,44,0.69
16.15,5.69,41.12338476,26.25,9.9,4.505,28.515,85.25,69.96,67.43,62.21,15.4,21.85,22.2,66.53,4.8,9.5,19.82,1.4,64.2,48.8,0.33
12,5.28,43.57550334,23.85,7.4,4.43,28.155,84.45,64.24,60.2,59.11,18.3,25.9,16,61.18,4.7,10.1,20.07,1.9,78.8,52.3,0.35
12.15,6.3,43.59475544,25.75,11.5,4.515,29.52,85.75,65.46,62.35,60.9,17.42,23.68,15.54,62.9,5.6,9.4,18.88,2.3,81.1,48.4,0.52
17,6.08,42.25427524,23.4,10.05,5.035,27.655,84.3,55.71,54.62,57.44,6.7,12.15,9.35,55.92,4.2,10.5,9.4,1.5,58.6,28.6,0.49
19.6,6.4,42.43905578,27.2,10.7,4.735,31.275,86.95,73.51,65.86,63.93,12.75,30.1,24.2,67.77,4.7,11.3,22.35,1.3,90.4,61.9,0.43
12.5,5.7,39.72181534,26.8,8.25,4.85,28.955,85.45,63.75,65.56,58.82,13.38,21.25,18.25,62.71,4.2,9.7,17.63,1.3,63.1,53.9,0.53
12.15,6.17,41.70347211,26.45,8.65,4.595,29.075,84.65,62.55,57.23,61.61,12.55,21.8,15.2,60.46,4.6,10.8,16.52,1.4,84.2,52.6,0.59
13.8,5.53,40.34060074,25.75,9.05,5.135,28.695,83.4,74.47,67.66,65.52,20.75,24.26,16.28,69.22,4.9,10.1,20.43,1.4,65.7,45.2,0.47
18.85,5.58,48.09049203,24,9.75,4.2,29.36,84.05,63.03,57.81,59.66,18.2,24.6,15.5,60.17,5,10.1,19.43,2.2,82.5,55.6,0.2
17.85,6.44,37.17118955,30.7,8.6,4.005,31.97,86.25,65.29,59.65,55.33,21.2,22.15,18.05,60.09,4.5,10.4,20.47,1.9,75.1,48.8,0.54
15.8,5.83,42.41764333,24.45,9.25,4.665,28.97,85.4,60.69,64.37,62.73,10.45,22.3,16.2,62.6,5,10.2,16.32,1.9,70.8,46.6,0.41
13.3,6.27,39.59400819,25.25,9.15,4.835,29.245,84.5,65.5,62.55,62.55,19.4,23.38,16.5,63.53,4.4,11.2,19.76,1.5,74.4,48.7,0.42
18.4,5.47,41.87870621,27.9,6.45,5.7,29.075,84.45,63.73,60.62,57.45,10.25,16.4,12.25,60.6,4.9,10.4,12.97,1.9,70.5,38.2,0.41
13.8,6.18,39.57201366,25.45,8.8,4.94,28.455,83.55,67.04,68.21,62.56,12.1,13.9,10.2,65.94,4.5,10.5,12.07,1.6,74,40.8,0.41
11.55,5.92,44.24116303,27.35,9.5,5.285,27.97,85.4,62,57.73,56.88,6.5,9.5,4.9,58.87,4.7,9.7,6.97,1,62.7,31.7,0.39
11.15,5.33,40.02553983,27.25,6.9,4.56,29.23,84.95,62.16,64.12,61.08,9.05,14.65,10.55,62.45,4.4,10.8,11.42,1.2,77.9,38,0.29
17,6.53,42.25661549,27.1,10.95,4.78,30.465,86.25,68.37,66.53,67.17,17.85,24.78,19.33,67.36,5.1,10.7,20.65,1.2,83.5,62.9,0.34
20.5,6.14,43.31763055,27.2,11.7,4.93,31.165,86.4,70.43,60.75,62.41,12.85,22.6,18.65,64.53,5.1,10.9,18.03,1.8,95,60.7,0.38
17.3,5.68,39.02579482,23.9,8.7,4.225,28.345,83.95,63.88,68.1,65.7,18.35,26.11,18.76,65.89,4.3,11.1,21.07,1.1,65.6,41.5,0.42
14.3,5.39,31.11250469,25.7,9.5,4.85,26.61,82.7,68.51,68.07,62.89,13.15,25.5,21.45,66.49,4.6,11.6,20.03,1.6,80.8,52.6,0.37
13.8,5.57,39.52165645,25.25,10.9,4.68,26.98,83.7,70.34,62.86,60.32,12.4,18.55,19.85,64.51,4.7,11.2,16.93,1.4,83.8,49.5,0.4
19.85,5.42,33.52268911,26.85,8.05,5.025,26.54,85,70.21,63.9,67.62,13.9,24.5,16.65,67.24,3.5,12.1,18.35,0.9,83,59.7,0.59
13.45,7.29,38.74919716,28,10.45,4.23,31.08,86.25,66.16,62.35,58.12,14.1,20.85,17,62.21,5.2,9.8,17.32,0.9,76.8,44.1,0.29
17.65,6.23,34.34187671,27.2,9.9,4.98,29.945,84.65,63.02,63.85,60.08,9.9,16.75,14.75,62.32,4.8,10.6,13.8,0.2,80.7,47.4,0.43
17.75,6.01,33.4685025,24.45,10.05,4.44,28.98,83.05,67.5,62.62,63.72,15.05,23.6,19.27,64.61,4.5,10.6,19.31,1.3,65.4,42.2,0.42
9.6,5.16,34.92732513,27.75,9.2,4.37,30.815,86.05,71.35,70.36,65.64,10.05,17.35,14.6,69.12,5.5,9.8,14,2.2,58.7,30.9,0.4
11.1,6.59,42.34821722,31.35,8.5,4.815,30.29,85.55,68.86,62.55,59.82,14,21.5,15.05,63.74,6.4,8.8,16.85,2.8,62.3,35.6,0.48
16.25,5.25,44.00701464,26.45,8.75,4.415,30.04,85,62.85,58.56,62.42,17.15,25.55,20.4,61.28,5.5,11.1,21.03,2.6,88.2,58.7,0.36
15.45,4.73,24.74908492,18.55,9.2,2.395,27.775,80.15,62.35,63.97,61.42,14.8,32,22.9,62.58,5.7,11.4,23.23,3,82.2,57.6,0.36
14.3,6.39,40.75402319,27.15,8.6,4.96,29.685,85.55,68.27,65.76,62.83,17,28.35,21,65.62,4.9,11,22.12,2.6,75,54,0.28
15.9,5.79,38.47880968,26.45,8.2,4.87,27.81,84.9,72.79,65.26,66.32,13.2,22.25,21.05,68.12,5.1,11.6,18.83,2.2,74.7,59.7,0.26
11.9,6.08,40.39265122,26.45,9.2,4.425,30.29,84.4,62.78,59.57,64.16,16.05,21.85,14.35,62.17,5.7,9.4,17.42,3.3,84.3,53.1,0.38
11.9,6.38,43.10564984,24.9,10.6,4.485,30.035,86.2,61.63,56.68,59.76,17.55,29.45,19.25,59.36,5.8,10,22.08,3.2,84,53.3,0.4
12.45,4.73,47.16183244,26.7,10.55,4.49,28.505,86.25,59.61,60.25,63.42,12,20.75,16,61.09,4.7,9.9,16.25,2.1,85.4,52.1,0.26
13.25,6.25,42.12653561,27.25,11.85,4.775,28.435,85.2,79.36,71.46,67.51,21.05,29.8,21.15,72.78,4.7,11,24,2.7,99.4,66.8,0.59
15.2,5.94,40.80928305,27.65,12.35,5.1,29.715,87.4,71.64,67.35,65.43,12.5,24.8,16.8,68.14,5.2,8.5,18.03,2.8,70.4,44,0.31
10.75,5.15,34.61066447,25.15,7.75,4.185,27.97,83.95,68.82,67.92,66.39,10.7,16.85,9.45,67.71,5.4,7.6,12.33,2.9,53.4,33,0.74
15.25,5.98,44.24637322,24.05,9.8,5.13,27.76,85.15,67.67,67.37,66.27,12.75,20.7,19.4,67.1,5.1,8.4,17.62,2.6,70.1,44.8,0.33
13.55,5.67,41.59961355,26.15,10.3,4.23,28.74,85.1,77.84,70.88,61.76,10.9,17.85,15.55,70.16,4.6,11.5,14.77,2.1,90.1,47.9,0.52
17.5,6.53,40.56555511,31,8.3,4.55,31.15,85.55,66.37,61.14,55.81,11.7,19.25,13.1,61.11,4.9,10.1,14.68,2.1,73.5,39.1,0.22
13.95,7.63,36.95848375,30.5,12.35,4.555,31.005,87.8,71.77,64.08,66.02,15.2,26.6,22.8,67.29,5.8,10.1,21.53,2.2,76.8,55.2,0.32
14.25,5,32.98027861,21.2,8.55,3.77,24.77,83.3,69.56,65.44,60.95,11.1,17.4,13.65,65.32,4.4,11.5,14.05,1.9,92.6,33.1,0.56
14.35,6.63,35.52302573,31.15,9.85,4.135,30.74,85.75,71.7,68.83,62.58,13.8,20.9,15.2,67.7,5.5,11.6,16.63,2.4,75.6,43.3,0.27
14.9,5.68,39.46421558,25.6,7.35,4.055,29.76,84.05,66.84,64.22,56.01,15.6,24.3,18.95,62.36,5,10.5,19.62,2,79,52.6,0.25
13.2,5.91,39.97611568,23.85,9.9,4.225,28.505,84.5,71.9,62.52,58.85,15.8,19.8,17.9,64.42,4.9,10.6,17.83,2.7,65.3,45.8,0.39
3.85,4.12,33.46886214,28.4,7.9,5.16,28.655,84,72.55,67.72,68.9,15.7,20,13.15,69.72,5.6,7.9,16.28,0.8,33.9,21.7,0.23
6.25,6.71,33.08906718,26.05,8.95,4.825,27.325,83.35,70.55,64.23,68.37,9,16.5,12.4,67.72,5,10.7,12.63,2,69.6,47.2,0.27
12.85,6.02,45.98587937,26.1,8.6,4.7,28.63,82.85,76.34,70.31,61.9,9.05,19.5,11.45,69.52,4.5,11.9,13.33,1.2,75.8,43.3,0.45
11.45,6.77,38.33626599,27.6,8.7,5.04,28.985,83.4,70.91,61.48,64.54,14.15,18.9,18,65.64,5.3,10.2,17.02,2.6,66.8,37.6,0.42
8.25,5.73,43.15837668,27,10,4.81,27.435,85.05,66.62,69.68,62.9,9,17.6,15.35,66.4,4.8,10.9,13.98,1.9,86.2,49.2,0.4
12.8,6.43,43.62342283,25.6,10.9,4.795,30.31,86.55,70.56,69.71,65.99,12.7,27.6,12.85,68.75,5.1,10.8,17.72,1.6,96.5,61.3,0.32
12.45,5.69,41.17873986,31.8,6.8,4.465,33.985,86.95,65.55,63.75,61.48,16.7,24.45,17.55,63.59,4.4,11.1,19.57,1.5,70.1,48.2,0.26
15.35,6.78,43.25142894,27.15,9.6,5.015,29.615,85.5,77.27,68.37,69.15,18.2,22,18.8,71.6,5.2,11.5,19.67,2,82.2,54,0.33
11.5,6.22,40.23093669,30.7,11.55,4.53,30.97,87.2,55.31,58.86,60.5,19.55,26.7,18.5,58.22,4.6,10.7,21.58,1.4,94.1,57,0.33
14.2,5.49,34.52543384,24.9,9.95,3.99,26.075,82.8,78.69,65.01,67.23,14.45,23.2,19.4,70.31,5.1,9.5,19.02,1.7,77.2,46.4,0.48
14.15,6.38,42.16874118,24.35,9.25,5.2,28.94,83.1,64.44,67.43,65.15,24.05,32,20.9,65.67,4.8,10,25.65,1.9,82,57.7,0.61
12.6,7.04,38.39995583,33.55,9.7,4.89,28.8,85.45,80.83,65.73,61.15,16.05,17.35,13.55,69.24,5.7,9.6,15.65,1.4,71.4,38.3,0.2
15.6,6.89,38.05140747,27.75,7.85,5.21,29.75,84.85,71.03,70.43,67.73,20.15,27.3,22.25,69.73,5.2,10.4,23.23,1.6,80.2,59,0.38
15.8,5.31,37.38703634,26.05,9.2,5.525,26.455,84.25,70.15,66.74,68.91,18.3,26.6,23.45,68.6,4.6,10.7,22.78,1.8,82,62.2,0.22
12.05,5.67,41.19740818,30.45,10.2,4.555,30.745,86.15,60.62,57.75,57.53,15.4,22.15,20.6,58.63,5.2,10.8,19.38,1.7,82.5,50.9,0.29
14.55,6.25,41.54565471,26.7,9.4,4.99,30.09,85.05,64.7,61.47,69.96,22.2,29.75,17.95,65.38,4.7,9.9,23.3,1.9,79,45.9,0.37
12.45,5.23,33.65308361,26.1,9.35,4.22,26.93,80.85,65.72,61.54,60.47,15.55,24.45,17.8,62.58,5,11.3,19.27,2,69.9,46.7,0.42
13.6,6.62,39.47873153,27.5,10.15,4.25,29.82,85.65,64.74,58.22,60.89,11.65,27.7,19.1,61.28,5.5,10.7,19.48,1.1,94.1,67.8,0.3
10.65,5.71,31.46720931,26.2,9.55,3.7,30.765,84.25,67.58,58.2,57.29,12.6,19.8,17.8,61.02,4.9,11.8,16.73,1.6,76,50.3,0.3
14.7,5.88,37.32140554,26.65,10.7,4.405,27.295,83.65,63.17,65.99,62.74,16,23.4,20.3,63.97,5.2,10.9,19.9,1.8,89.7,58.5,0.41
11.8,6.06,38.56979978,27.8,8.9,4.565,29.52,85.65,66.11,57.9,55.21,13.8,17.45,15.55,59.74,4.9,9.6,15.6,1.6,75.1,40.8,0.37
17.6,6.23,41.93689164,23.1,9.1,4.585,26.25,82.65,70.69,64.77,63.62,10.7,21.4,19.7,66.36,4.1,11.4,17.27,0.7,72.2,59,0.48
13.5,7.19,38.31103348,27.85,10.35,4.51,30.425,86.15,62.25,57.83,59.76,12,19.7,17.15,59.95,4.5,9.7,16.28,1,76.9,44.3,0.32
16.9,6.41,40.03800017,23,8.05,4.71,27.79,81.85,65.35,62.88,57.19,14.5,19.65,15.5,61.81,4.6,10.6,16.55,1.1,58.2,39.9,0.26
13.15,5.83,37.74587326,30.7,10.1,5.01,30.69,87.55,62.59,63.34,62.38,10.08,18.05,17.3,62.77,5.8,9.5,15.14,2.2,78.8,39.8,0.3
14.2,5.72,35.03318757,25.35,9.5,4.165,28.88,84.95,65.2,64.13,66.65,23.4,29.95,19.8,65.33,5.3,10.5,24.38,2.3,71.7,49.8,0.37
13.6,7.12,38.17418981,28.1,8.7,5.07,28.59,84.95,71.96,63.08,60.23,13.2,19.95,13.65,65.09,5.7,9.6,15.6,1.7,71.8,42.3,0.5
9.9,6.31,36.56497073,24.2,8.35,5.82,25.155,84.15,68.08,69.12,63.94,14.05,15.75,11.95,67.05,4.8,7.5,13.92,2.5,67.4,43.1,0.4
13.95,5.68,34.18065741,27,8.1,4.735,28.32,83.85,69.16,62.48,59.48,16.25,24.7,15.35,63.71,4.9,10,18.77,2.6,70.4,41.5,0.43
12.85,6.62,33.2450966,26.8,9.95,4.82,28.26,83.8,67.55,65.96,67.54,12.7,13.7,14.9,67.02,4.6,10.2,13.77,2.5,67.6,46.5,0.38
15.15,6.01,36.67539847,24.55,7.5,4.315,27.455,83.9,60.76,60.3,60.86,11.55,18.85,16.85,60.64,4.5,10.7,15.75,2.3,82.7,46.7,0.34
14.15,5.71,40.12916047,29.1,9.55,4.39,30.595,85.3,66.69,64.28,63.03,15.3,22.6,14.2,64.67,5.2,10.5,17.37,1.8,69.7,41.3,0.32
16.8,5.49,39.13625459,25.3,10.4,4.475,28.975,85.85,71.02,61.05,59.02,10.6,18.15,13.9,63.7,5.2,8.2,14.22,1.8,75.8,38,0.3
10.05,6.53,37.1537412,26.95,8.7,4.565,28.87,83.6,72.25,61.28,62.79,9.9,17,13.2,65.44,5.6,8.2,13.37,2.7,66.2,41.2,0.6
12.25,5.93,46.51291823,24.25,11.55,5.49,25.68,84.45,63.26,58.01,57.9,13.25,24.1,17.45,59.72,5.5,8.9,18.27,1.7,73.6,50.1,0.58
17.05,5.64,40.00974621,27.2,10.25,4.975,28.695,86.25,69.71,67.92,64.66,13.1,17.75,14.25,67.43,4.9,10.9,15.03,2.1,65,41.7,0.45
14.05,5.81,38.90242513,24.8,8.8,4.37,28.3,84.15,63.17,63.16,60.31,8.8,18.2,14.4,62.21,4.8,10.3,13.82,2.5,78.6,53.3,0.61
14.7,5.52,41.55540002,28.45,11.8,4.74,30.905,83.8,64.75,60.34,58.01,20.7,27.05,18.55,61.03,5.2,10.9,22.1,2.4,101,64.3,0.32
12.45,6.32,36.00112647,26.75,11.35,4.485,29.905,86.15,68.2,59.95,63.31,12.85,28.35,17.8,63.82,4.5,11.1,19.67,1.8,89.9,59.3,0.53
13.45,6.5,36.45722501,24.3,10,4.92,29.29,84.25,59.61,54.08,56.63,23.7,32,25.1,56.77,5.6,12.1,26.93,2.4,94.7,61.2,0.44
13.7,6.63,42.42243367,25.95,11.6,4.975,27.98,84.9,72.17,60.27,61.28,18.25,28.35,20.2,64.57,5,9.8,22.27,1.5,78.5,54.8,0.42
13.4,5.21,42.36332934,25.4,10.2,3.985,30.525,84.2,66.81,59.46,58.14,17,28.15,23.6,61.47,4.7,11.5,22.92,2.1,85.3,56.1,0.31
13.6,6.69,41.76659125,25.4,10.55,4.63,30.785,86.5,63.64,54.46,55.35,16.65,26.9,16.3,57.82,5.2,9.7,19.95,1.8,86,56,0.44
9.85,5.4,31.63574504,28.45,8.45,4.695,26.34,83.45,71.2,62.52,59.83,7.2,16.55,19.45,64.52,4.2,12,14.4,1.3,74.3,48.7,0.23
14.2,5.64,38.10891932,28.85,12.35,4.16,31.955,86.75,59.88,59.19,59.25,13.4,18.9,19.5,59.44,5,11.2,17.27,2,101.3,46.9,0.41
13.4,4.63,31.44261109,25.15,9.8,5.275,24.78,81.35,73.22,66.91,72.02,15.1,20.45,19.3,70.72,5.1,12.1,18.28,2.2,78.2,55.5,0.35
12.35,6.32,36.82880947,31.65,8.25,4.255,30.635,87.05,57.64,56.96,55.3,19.1,19.35,13.2,56.63,5.2,10.9,17.22,2.4,93.3,53.7,0.34
9.65,5.37,37.30317482,23.65,9.6,5.79,21.615,79,60.99,60.71,62.43,21.05,24.25,18.6,61.38,3.8,10.4,21.3,1.4,52.9,47.6,0.3
10.35,5.28,37.0988935,33.6,9.65,4.66,31.525,88.85,55.6,57.7,56.63,12.8,16,14.25,56.64,4.1,10.1,14.35,1.6,67.5,43.6,0.2
12.35,6.08,36.76830216,25.35,8.4,4.12,28.115,83.8,64.61,64.44,60.34,9.1,16.75,16.75,63.13,4.1,10.5,14.2,1.8,71.3,47.2,0.38
9,6.59,38.20553279,28.75,7.3,4.65,29.02,85.45,67.35,62.87,61.18,8.8,15.05,12.85,63.8,4.7,11.4,12.23,1.1,73.2,39.8,0.38
15.9,5.08,34.02847896,27.05,7.45,4.355,29.255,85.05,68.92,60.92,59.9,17.2,23.25,19.9,63.25,5.6,9.9,20.12,1.3,71,51.3,0.59
12.3,5.62,44.66122911,23.75,7.75,4.53,28.945,82.75,61.02,56.67,54.96,9.85,13.9,9.05,57.55,4.8,10.3,10.93,1.9,72.2,47.8,0.54
10.25,5.48,42.68304062,26.65,11.55,5.12,27.73,85.2,57.67,62.19,57.34,11.25,19.95,17.2,59.07,4.3,10.6,16.13,1.4,57.6,44.2,0.42
13.55,5.96,39.80996241,24.05,8.85,4.965,26.44,84.2,64.82,61.81,61.88,8.9,11.9,9.05,62.84,4.4,10.3,9.95,1.4,60.8,34.8,0.29
10.15,6.26,35.89547506,28,11.05,3.755,31.295,84.55,57.61,56.49,52.06,9,12.65,6.7,55.39,4.9,9.2,9.45,1.3,59.9,34.2,0.16
13.5,5.72,40.82207977,26.2,9.25,4.29,29.705,84.4,62.59,61.38,57.51,11.6,10.4,11.4,60.49,4.6,10,11.13,2.1,61.3,34,0.47
11.55,6.83,40.81519335,26.4,8.05,4.525,28.63,84.3,62.96,53.49,53.45,19.2,20.3,13.4,56.63,4.7,10.9,17.63,1.9,67.3,45.7,0.41
12.7,4.29,24.72001246,20.4,9.6,4.07,21.675,79.6,64.42,65.43,61.43,9.2,14.85,11.4,63.76,4.3,11.2,11.82,1.7,57.4,36.6,0.31
17.35,6.48,39.07381568,23.3,8.35,4.475,26.335,82.95,69.12,63.49,61,16.65,24.7,28.15,64.54,6.8,10.3,23.17,0.9,105.1,60.1,0.32
16.8,5.31,34.34355689,25.35,9.8,4.645,28.385,82.95,65.99,59.63,55.75,9.7,14.7,11.9,60.46,5.3,10.7,12.1,1.1,74.4,42.3,0.5
16.05,6.26,42.70633528,29.7,9.25,4.51,30.04,86.75,61.95,58.03,55.25,12.55,24,19.05,58.41,5.2,12,18.53,0.7,89.2,57.5,0.31
13.15,6.76,40.68879694,26.35,8.75,4.94,30.81,85.8,68.78,73.99,63.45,15.7,24.9,20.4,68.74,5.3,10.6,20.33,1.6,95.6,53.7,0.43
14.45,5.43,41.25963282,25.75,8.75,5.16,27.685,84.7,55.21,53.28,52.3,9.6,18.6,13.1,53.6,4.4,9.9,13.77,1.7,56.4,41.2,0.5
14.3,7.15,41.22793755,31.6,8.65,3.195,30.22,86.15,64.53,58.71,56.85,11.4,15.9,17.95,60.03,4.9,9.8,15.08,1.6,77.8,46.2,0.54
16.35,6,43.17335728,27.7,10.8,5.27,28.78,86.15,57.64,53.13,51.13,21.8,19.5,18.1,53.97,6.8,8.8,19.8,2.2,78.9,48.6,0.54
11.75,6.37,42.6437154,26.9,10.1,4.49,29.305,85.95,57.29,55.32,56.83,16.05,26.2,18.35,56.48,5.2,10.6,20.2,1.3,89.6,52.1,0.48
13.25,6.01,40.50371684,28.1,9.5,4.765,29.24,84.45,63.02,59.64,58.43,20.05,26.05,17.65,60.36,5.6,9.6,21.25,2.8,87.9,59.3,0.48
12.95,6.31,39.69187937,25.7,10.55,5.445,27.555,85.1,65.3,59.41,59.67,15,20.45,18.65,61.46,4.6,10.5,18.03,1.6,63.2,52.5,0.17
12.3,7.56,38.95754845,32.8,9.55,4.025,33.615,87.55,62.24,59.43,58.63,12.2,26.3,20.6,60.1,4.7,11,19.7,2.1,89.2,62,0.48
12.35,7.59,40.44918194,33.45,10.15,3.95,33.64,87.1,63.75,62.2,61.65,12.6,19.25,16.6,62.53,4.6,9.8,16.15,1.8,70.7,53,0.22
11.7,6.81,39.18434975,28.55,9.95,4.34,32.675,87.05,73.11,64.02,60.12,14.1,21.25,15.7,65.75,5.1,10.5,17.02,1.6,69.8,43.4,0.23
15.2,5.85,42.7984037,29.1,9.7,4.835,30.95,86.6,68.09,66.75,63.77,11.46,14.1,16.55,66.2,5.4,11.1,14.04,3,65.6,45.6,0.46
12.9,6.08,42.40620982,25.55,8.5,4.61,27.98,84.25,59.16,61.54,62.21,12.75,11.65,13.75,60.97,4.8,9.9,12.72,2,68.8,40.1,0.4
14.15,6.28,41.748425,32.2,7.95,4.31,31.185,84.7,70.99,65.94,63.7,13.65,19.25,13.05,66.88,5.1,10.2,15.32,2.2,78.9,47.9,0.38
12.2,6.08,41.41095223,28.8,8.15,4.4,31.5,86.2,62.53,66.77,64.57,15.1,26.3,14.6,64.62,5,9.4,18.67,2,89,56.4,0.48
19.3,6.03,42.74017,27.1,10.85,4.88,29.545,86.05,63.81,60.16,61.17,16.9,20.05,18.2,61.71,5.1,10.4,18.38,3.3,100.6,52.8,0.53
14.3,5.86,40.62458969,29.9,7.2,3.88,32.195,85.25,60.84,61.09,61.21,18.6,25,19.25,61.05,4.7,11.3,20.95,2.4,84.8,44.9,0.3
19.95,6.26,44.74578218,25.3,9.2,4.915,29.875,85.25,60.37,55.59,58.32,13.5,23.95,17.2,58.09,5.1,10.2,18.22,2.5,78,47.8,0.4
15.3,5.89,39.00369979,28.65,11.15,4.01,28.43,85.7,62.27,59.9,62.65,15.9,18.4,15.8,61.61,5,11.3,16.7,2.6,90.6,46.3,0.47
16.05,6.11,38.45935729,24.5,7.65,4.05,30.405,83.55,77.12,62.46,61.29,13.35,24.9,17.9,66.96,4.8,10.9,18.72,2.2,82.9,52.5,0.46
14.45,6.21,40.58292044,29.35,9.75,4.375,31.875,86.7,63.71,57.96,58.51,16.35,18.1,15.7,60.06,5.1,10.9,16.72,2.8,78,44.8,0.39
17.55,4.05,7.955989805,22.7,10.4,4.7,30.2,83.3,70.58,61.84,63.09,16.15,21.8,21,65.17,5.2,9.6,19.65,2,76.9,47.6,0.27
13.05,6.41,42.68561033,27.65,10.6,4.615,31.015,86.7,66.07,61.89,60.52,19.55,18.4,26,62.83,4.9,12.2,25.65,1.4,111.4,51.1,0.36
12.25,6.26,43.44766457,27.1,12.2,4.615,30.57,86.05,66.92,60.51,60.15,16.8,26.2,24.4,62.53,5.3,11.2,22.47,2.1,99,53.2,0.3
14.8,4.91,42.96054793,25.4,10.55,4.475,29.09,86.35,66.55,61.56,65.82,17,33,29.98,64.64,5.4,10.2,23.85,2.2,99.2,63.1,0.4
15.8,6.5,40.70156511,23.9,10.25,4.67,27.79,84.7,68.49,61.76,59.24,21.3,31.05,23.1,63.16,5.4,10.7,25.15,1.5,87,59.5,0.5
14.1,5.56,31.99708581,25.15,8.05,3.89,27.775,83.7,72.21,68.4,65.1,16.65,22.9,14.65,68.57,4,10.6,18.07,1.6,90.6,52.3,0.51
12.1,5.08,33.74267906,27.85,8.35,4.04,28.065,84.9,64.11,62.9,64.17,3.65,4.38,7.3,63.73,5.8,9.6,5.11,0.9,89.7,40.9,0.5
12.6,4.64,26.09358144,19.85,9.05,2.61,24.605,81.7,64.77,60.62,64.79,19.9,28.55,20.3,63.39,4.9,10.3,25,1.9,99.2,65.3,0.55
15.3,6.36,36.88777411,24.6,6.4,4.23,29.765,82.95,59.66,58.18,61.16,20.2,25.9,14.6,59.67,5.6,9.4,20.23,2,100.1,58.5,0.45
19.05,5.6,35.58550982,27.4,8.3,4.28,28.86,84.55,63.93,63.12,59.28,14.3,26.05,21.7,62.11,4.7,10.9,20.68,2.1,84.4,56.3,0.49
13.25,6.35,42.33774098,27.05,10.65,4.66,29.065,84.6,60.54,57.42,65.33,14.25,21.9,16.15,61.1,4.6,10.5,17.43,2.3,81.2,51.8,0.5
14.4,5.74,37.40173128,27.7,7.8,4.295,30.355,84.7,60.82,59.73,60.12,12.25,20.65,17.3,60.22,4.1,11.3,16.73,1.5,85.9,48.8,0.4
11.65,6.56,33.80403066,33.15,8.75,4.265,32.6,87.45,58.66,53.09,57.39,13.85,22.7,13.6,56.38,5.2,10,16.72,1.5,79.5,51.2,0.27
16.25,6.14,44.61014114,25,9.45,5.095,29.015,85.35,59.12,61,59.78,15.05,25.7,20.55,59.97,4.7,10.4,20.43,1.7,79.8,50.2,0.3
18.85,5.68,37.50809985,26.85,10.2,4.28,29.355,84.95,61.11,63.78,63.2,20.9,21.85,15.9,62.7,4.9,9.1,19.55,2.3,82.9,42.7,0.36
14.9,6.01,41.82588401,25.8,9.5,4.775,29.75,84.7,65.74,59.22,59.65,11.1,22.35,16.7,61.54,4.5,10.6,16.72,1.4,71.5,40.1,0.18
15.75,5.84,43.93051558,22.95,9.25,5.29,25.55,82.8,60.03,58.99,63.43,8.05,12.65,11.15,60.82,3.6,9.5,10.62,1.6,67.3,35.1,0.36
14.15,6.51,41.8283378,27.9,8.95,4.855,31.045,86.7,67.51,64.22,61.44,17.05,25.2,18.2,64.39,5.4,8.1,20.15,2,78.3,52.7,0.22
11.8,6.17,44.44427703,24.85,9.7,5.06,26.795,84.9,66.89,67.08,66.08,13,19,15.45,66.68,4.5,9.6,15.82,1.4,66.5,43.8,0.41
11.25,6.67,34.05060874,27.15,9,4.395,30.38,85.8,77.58,70.53,70.22,16.15,22.85,15.4,72.78,5.2,9.5,18.13,1.9,65,44.3,0.38
26.6,4.61,36.81094931,24.55,8.65,5.665,26.885,81.1,66.49,65.93,66.55,14.6,25.25,18.7,66.32,4.6,12.5,19.52,2.3,82.1,55.9,0.23
16.7,6.33,42.70814931,24.8,9.85,4,30.11,83.8,70.62,64.45,63.88,21.7,30.1,21.75,66.32,4.4,11.1,24.52,2.2,92.6,62.4,0.35
12.5,6.03,41.97999905,27.05,9.1,4.7,29.25,86.35,60.29,56.34,54.93,21.05,27.6,20.8,57.19,5.2,11.5,23.15,1.9,97.1,62.3,0.22
20.25,6.14,36.68504093,28.4,10.4,3.86,31.485,84.95,66.3,61.4,65.11,20.25,30.9,26.55,64.27,4.5,11.1,25.9,1.9,85.3,48.2,0.28
15.75,5.45,42.15194602,22.3,10.05,4.48,27.36,84.9,76.82,64.99,56.94,16.35,27.9,23.2,66.25,4.5,11.3,22.48,1.8,100.5,71,0.62
12.15,5.62,43.36457911,26.45,8.9,4.41,28.255,85.15,65.17,62.92,57.98,8.35,18.4,14.75,62.02,3.8,11.6,13.83,1.5,75.9,42.3,0.47
20.45,5.9,40.00296505,25.85,8.9,4.305,29.895,84.6,62.14,61.6,54.14,16.8,25.2,18.35,59.29,4.6,10.6,20.12,1.5,83.9,60,0.38
22.1,6.19,44.0335842,22.55,8.45,4.61,28.54,82.95,66.04,60.06,59.76,20.05,33.1,27.7,61.95,4.5,11.5,26.95,1.3,93.7,65.4,0.29
15.35,5.86,44.67888726,27.2,9.2,4.9,28.815,85.55,69.56,61.64,62.36,18.15,22.8,18.15,64.52,4.3,11.4,19.7,1.8,90.4,53.5,0.28
12.5,6.14,43.38864416,25.85,10.55,4.6,29.325,85.2,58.64,57.98,58.03,13.4,25.9,19.8,58.22,5.9,11.3,19.7,2.5,92.6,54.8,0.3
14.15,5.72,38.64589575,24.8,14.1,4.03,28.205,85.3,62.52,55.55,56.22,14.95,24.05,16,58.1,5,9.9,18.33,2.5,98.7,61.7,0.34
10.8,6.57,42.46311188,24.15,9.9,4.465,26.915,84.1,68.97,64.3,66.2,8.65,16.8,16.9,66.49,4.7,11.3,14.12,0.2,90.3,52.4,0.3
15.5,6.35,37.20975516,31.5,10.95,3.895,31.97,87.05,66.36,57.05,52.48,5.7,10.8,9.8,58.63,5.3,12,8.77,1.2,101.1,40.9,0.23
20.15,5.23,39.98701562,24,9.6,4.39,28.015,84.8,60.92,61.29,60.27,9.55,25.65,17.95,60.83,3.9,10.3,17.72,1.2,96.2,53.5,0.34
